Bus_name,Bus_type,Start_time,End_time,Total_duration,Price,Seats_Available,Ratings,Route_name,Route_link
KSRTC (Kerala) - 581,Super Express Non AC Seater Air Bus (2+2),10:03,18:48,08h 45m,469,1 Seat available,"4.1
77",Bangalore to Kozhikode,https://www.redbus.in/bus-tickets/bangalore-to-kozhikode
KSRTC (Kerala) - 52,SWIFT-GARUDA A/C SEATER BUS,12:01,19:55,07h 54m,627,8 Seats available,"3.6
104",Bangalore to Kozhikode,https://www.redbus.in/bus-tickets/bangalore-to-kozhikode
KSRTC (Kerala) - 1378,AC MULTI AXLE,13:46,21:25,07h 39m,729,5 Seats available,"2.5
26",Bangalore to Kozhikode,https://www.redbus.in/bus-tickets/bangalore-to-kozhikode
KSRTC (Kerala) - 235,Swift Deluxe Non AC Air Bus (2+2),15:00,00:01,09h 01m,620,20 Seats available,"4.8
11",Bangalore to Kozhikode,https://www.redbus.in/bus-tickets/bangalore-to-kozhikode
KSRTC (Kerala) - 370,AC MULTI AXLE,15:25,22:20,06h 55m,729,10 Seats available,"2.5
37",Bangalore to Kozhikode,https://www.redbus.in/bus-tickets/bangalore-to-kozhikode
KSRTC (Kerala) - 97,Swift Deluxe Non AC Air Bus (2+2),16:02,00:50,08h 48m,567,9 Seats available,"3.0
19",Bangalore to Kozhikode,https://www.redbus.in/bus-tickets/bangalore-to-kozhikode
KSRTC (Kerala) - 171,Swift Deluxe Non AC Air Bus (2+2),16:16,01:20,09h 04m,640,13 Seats available,"3.3
8",Bangalore to Kozhikode,https://www.redbus.in/bus-tickets/bangalore-to-kozhikode
KSRTC (Kerala) - 553,Super Express Non AC Seater Air Bus (2+2),16:45,01:25,08h 40m,640,17 Seats available,"3.1
10",Bangalore to Kozhikode,https://www.redbus.in/bus-tickets/bangalore-to-kozhikode
KSRTC (Kerala) - 51,Swift Deluxe Non AC Air Bus (2+2),19:04,04:24,09h 20m,640,33 Seats available,"4.4
38",Bangalore to Kozhikode,https://www.redbus.in/bus-tickets/bangalore-to-kozhikode
KSRTC (Kerala) - 789,Super Fast Non AC Seater (2+3),20:00,04:25,08h 25m,473,18 Seats available,"3.5
57",Bangalore to Kozhikode,https://www.redbus.in/bus-tickets/bangalore-to-kozhikode
KSRTC (Kerala) - 1585,Super Express Non AC Seater Air Bus (2+2),20:31,05:36,09h 05m,640,12 Seats available,"4.0
50",Bangalore to Kozhikode,https://www.redbus.in/bus-tickets/bangalore-to-kozhikode
KSRTC (Kerala) - 1586,Super Express Non AC Seater Air Bus (2+2),21:31,06:36,09h 05m,640,36 Seats available,"3.4
31",Bangalore to Kozhikode,https://www.redbus.in/bus-tickets/bangalore-to-kozhikode
KSRTC (Kerala) - 2133,Swift Deluxe Non AC Air Bus (2+2),22:12,07:36,09h 24m,640,24 Seats available,"3.8
13",Bangalore to Kozhikode,https://www.redbus.in/bus-tickets/bangalore-to-kozhikode
KSRTC (Kerala) - 2063,SWIFT-GARUDA A/C SEATER BUS,22:32,07:35,09h 03m,627,7 Seats available,"3.6
39",Bangalore to Kozhikode,https://www.redbus.in/bus-tickets/bangalore-to-kozhikode
KSRTC (Kerala) - 574,Super Express Non AC Seater Air Bus (2+2),23:00,09:30,10h 30m,469,28 Seats available,"4.1
28",Bangalore to Kozhikode,https://www.redbus.in/bus-tickets/bangalore-to-kozhikode
KSRTC (Kerala) - 583,Super Express Non AC Seater Air Bus (2+2),23:30,09:35,10h 05m,469,23 Seats available,"3.2
59",Bangalore to Kozhikode,https://www.redbus.in/bus-tickets/bangalore-to-kozhikode
KSRTC (Kerala) - 56,SWIFT-GARUDA A/C SEATER BUS,23:41,09:05,09h 24m,627,14 Seats available,"3.5
48",Bangalore to Kozhikode,https://www.redbus.in/bus-tickets/bangalore-to-kozhikode
MMK Travels,VE A/C Seater / Sleeper (2+1),22:30,07:30,09h 00m,900,23 Seats available,"4.4
477",Bangalore to Kozhikode,https://www.redbus.in/bus-tickets/bangalore-to-kozhikode
SAAM BUS,VE A/C Sleeper (2+1),20:10,06:45,10h 35m,950,13 Seats available,"4.5
134",Bangalore to Kozhikode,https://www.redbus.in/bus-tickets/bangalore-to-kozhikode
Kyros Connect,Bharat Benz A/C Semi Sleeper (2+2),23:00,09:00,10h 00m,599,37 Seats available,"4.2
336",Bangalore to Kozhikode,https://www.redbus.in/bus-tickets/bangalore-to-kozhikode
AdSuraj Holidays,VE A/C Sleeper (2+1),22:30,07:30,09h 00m,900,17 Seats available,"3.9
273",Bangalore to Kozhikode,https://www.redbus.in/bus-tickets/bangalore-to-kozhikode
P K Travels,A/C Sleeper (2+1),19:15,06:30,11h 15m,1100,18 Seats available,"4.4
103",Bangalore to Kozhikode,https://www.redbus.in/bus-tickets/bangalore-to-kozhikode
Holy Maria Travels,A/C Semi Sleeper (2+2),00:10,04:10,04h 00m,600,5 Seats available,3.6,Kozhikode to Ernakulam,https://www.redbus.in/bus-tickets/kozhikode-to-ernakulam
Madhavi Travels,A/C Semi Sleeper (2+2),00:15,06:15,06h 00m,649,2 Seats available,"4.1
15",Kozhikode to Ernakulam,https://www.redbus.in/bus-tickets/kozhikode-to-ernakulam
Madhavi Travels,A/C Sleeper (2+1),00:25,06:10,05h 45m,799,2 Seats available,"4.2
26",Kozhikode to Ernakulam,https://www.redbus.in/bus-tickets/kozhikode-to-ernakulam
Adrin Travels,A/C Seater/Sleeper (2+1),01:20,05:50,04h 30m,850,14 Seats available,"4.3
7",Kozhikode to Ernakulam,https://www.redbus.in/bus-tickets/kozhikode-to-ernakulam
Madhavi Travels,A/C Sleeper (2+1),01:30,06:00,04h 30m,899,1 Seat available,3.9,Kozhikode to Ernakulam,https://www.redbus.in/bus-tickets/kozhikode-to-ernakulam
A1 Travels,NON A/C Semi Sleeper (2+2),21:00,01:30,04h 30m,550,18 Seats available,"4.2
28",Kozhikode to Ernakulam,https://www.redbus.in/bus-tickets/kozhikode-to-ernakulam
A1 Travels,Bharat Benz A/C Seater /Sleeper (2+1),22:15,01:45,03h 30m,650,22 Seats available,"4.1
13",Kozhikode to Ernakulam,https://www.redbus.in/bus-tickets/kozhikode-to-ernakulam
A1 Travels,Bharat Benz A/C Seater /Sleeper (2+1),22:30,01:29,02h 59m,800,31 Seats available,"3.3
23",Kozhikode to Ernakulam,https://www.redbus.in/bus-tickets/kozhikode-to-ernakulam
Sonia Travels,A/C Seater/Sleeper (2+1),23:30,04:29,04h 59m,700,20 Seats available,4.2,Kozhikode to Ernakulam,https://www.redbus.in/bus-tickets/kozhikode-to-ernakulam
Surya Connect,Volvo A/C Semi Sleeper (2+2),23:55,05:15,05h 20m,630,29 Seats available,"4.7
30",Kozhikode to Ernakulam,https://www.redbus.in/bus-tickets/kozhikode-to-ernakulam
MMK Travels,VE A/C Seater / Sleeper (2+1),21:30,06:00,08h 30m,1200,19 Seats available,"4.5
542",Kozhikode to Bangalore,https://www.redbus.in/bus-tickets/kozhikode-to-bangalore
Kyros Connect,Bharat Benz A/C Semi Sleeper (2+2),12:15,20:45,08h 30m,799,31 Seats available,"4.4
208",Kozhikode to Bangalore,https://www.redbus.in/bus-tickets/kozhikode-to-bangalore
P K Travels,A/C Sleeper (2+1),20:00,06:00,10h 00m,1100,2 Seats available,"4.3
211",Kozhikode to Bangalore,https://www.redbus.in/bus-tickets/kozhikode-to-bangalore
AdSuraj Holidays,VE A/C Sleeper (2+1),22:00,07:15,09h 15m,1300,17 Seats available,"4.1
258",Kozhikode to Bangalore,https://www.redbus.in/bus-tickets/kozhikode-to-bangalore
DLT BUS,A/C Sleeper (2+1),21:45,06:30,08h 45m,1499,9 Seats available,"4.2
298",Kozhikode to Bangalore,https://www.redbus.in/bus-tickets/kozhikode-to-bangalore
Silver Line Travels,NON A/C Semi Sleeper (2+2),20:30,05:45,09h 15m,799,9 Seats available,"4.2
280",Kozhikode to Bangalore,https://www.redbus.in/bus-tickets/kozhikode-to-bangalore
SAAM BUS,VE A/C Sleeper (2+1),20:30,06:15,09h 45m,1300,9 Seats available,"4.4
101",Kozhikode to Bangalore,https://www.redbus.in/bus-tickets/kozhikode-to-bangalore
AdSuraj Holidays,NON AC Seater / Sleeper 2+1,20:15,05:55,09h 40m,1150,6 Seats available,"3.6
41",Kozhikode to Bangalore,https://www.redbus.in/bus-tickets/kozhikode-to-bangalore
NS Transports,Non A/C Seater / Sleeper (2+1),20:30,06:35,10h 05m,1100,26 Seats available,"4.2
260",Kozhikode to Bangalore,https://www.redbus.in/bus-tickets/kozhikode-to-bangalore
NS Transports,VE A/C Sleeper (2+1),21:16,06:30,09h 14m,1500,15 Seats available,"4.3
117",Kozhikode to Bangalore,https://www.redbus.in/bus-tickets/kozhikode-to-bangalore
A1 Travels,A/C Seater / Sleeper (2+1),01:30,07:00,05h 30m,750,1 Seat available,"3.0
6",Ernakulam to Kozhikode,https://www.redbus.in/bus-tickets/ernakulam-to-kozhikode
Shajees Motors,A/C Semi Sleeper (2+2),19:30,00:40,05h 10m,600,5 Seats available,"3.8
37",Ernakulam to Kozhikode,https://www.redbus.in/bus-tickets/ernakulam-to-kozhikode
Ubc travels,A/C Semi Sleeper (2+2),20:40,01:00,04h 20m,700,17 Seats available,"3.6
10",Ernakulam to Kozhikode,https://www.redbus.in/bus-tickets/ernakulam-to-kozhikode
Holy Maria Travels,A/C Semi Sleeper (2+2),20:50,02:10,05h 20m,700,9 Seats available,3.6,Ernakulam to Kozhikode,https://www.redbus.in/bus-tickets/ernakulam-to-kozhikode
Kalpaka Travels 1,A/C Sleeper (2+1),20:55,02:30,05h 35m,800,6 Seats available,"5.0
20",Ernakulam to Kozhikode,https://www.redbus.in/bus-tickets/ernakulam-to-kozhikode
Cochin Express,Volvo Multi-Axle B9R A/c Semi Sleeper (2+2),21:15,02:20,05h 05m,700,39 Seats available,4.4,Ernakulam to Kozhikode,https://www.redbus.in/bus-tickets/ernakulam-to-kozhikode
Cochin Express,A/C Sleeper (2+1),21:15,02:30,05h 15m,900,9 Seats available,"4.4
9",Ernakulam to Kozhikode,https://www.redbus.in/bus-tickets/ernakulam-to-kozhikode
Sonia Travels,A/C Semi Sleeper (2+2),21:20,02:30,05h 10m,600,35 Seats available,3.8,Ernakulam to Kozhikode,https://www.redbus.in/bus-tickets/ernakulam-to-kozhikode
Madhavi Travels,A/C Semi Sleeper (2+2),21:30,02:15,04h 45m,799,19 Seats available,"4.4
31",Ernakulam to Kozhikode,https://www.redbus.in/bus-tickets/ernakulam-to-kozhikode
UFO Bus,Volvo Multi-Axle B9R A/c Semi Sleeper (2+2),21:30,02:45,05h 15m,630,5 Seats available,"4.6
16",Ernakulam to Kozhikode,https://www.redbus.in/bus-tickets/ernakulam-to-kozhikode
KSRTC (Kerala) - 811,Super Fast Non AC Seater (2+3),02:20,08:25,06h 05m,285,41 Seats available,"4.9
5",Kozhikode to Mysore,https://www.redbus.in/bus-tickets/kozhikode-to-mysore
KSRTC (Kerala) - 1126,Super Fast Non AC Seater (2+3),03:16,09:31,06h 15m,273,35 Seats available,"4.1
23",Kozhikode to Mysore,https://www.redbus.in/bus-tickets/kozhikode-to-mysore
KSRTC (Kerala) - 1127,Super Fast Non AC Seater (2+3),05:01,11:16,06h 15m,273,22 Seats available,"4.1
13",Kozhikode to Mysore,https://www.redbus.in/bus-tickets/kozhikode-to-mysore
KSRTC (Kerala) - 2132,Swift Deluxe Non AC Air Bus (2+2),07:32,12:59,05h 27m,463,21 Seats available,"4.5
7",Kozhikode to Mysore,https://www.redbus.in/bus-tickets/kozhikode-to-mysore
KSRTC (Kerala) - 580,Super Express Non AC Seater Air Bus (2+2),08:06,13:26,05h 20m,396,13 Seats available,3.9,Kozhikode to Mysore,https://www.redbus.in/bus-tickets/kozhikode-to-mysore
KSRTC (Kerala) - 983,Super Fast Non AC Seater (2+3),08:15,14:45,06h 30m,266,32 Seats available,3.9,Kozhikode to Mysore,https://www.redbus.in/bus-tickets/kozhikode-to-mysore
KSRTC (Kerala) - 53,SWIFT-GARUDA A/C SEATER BUS,08:29,13:20,04h 51m,586,20 Seats available,"2.7
12",Kozhikode to Mysore,https://www.redbus.in/bus-tickets/kozhikode-to-mysore
KSRTC (Kerala) - 791,Super Fast Non AC Seater (2+3),08:45,14:15,05h 30m,285,42 Seats available,3.9,Kozhikode to Mysore,https://www.redbus.in/bus-tickets/kozhikode-to-mysore
KSRTC (Kerala) - 796,Super Fast Non AC Seater (2+3),09:10,14:55,05h 45m,285,39 Seats available,"4.4
15",Kozhikode to Mysore,https://www.redbus.in/bus-tickets/kozhikode-to-mysore
KSRTC (Kerala) - 579,Super Express Non AC Seater Air Bus (2+2),10:00,15:20,05h 20m,396,13 Seats available,"2.5
8",Kozhikode to Mysore,https://www.redbus.in/bus-tickets/kozhikode-to-mysore
KSRTC (Kerala) - 709,Super Fast Non AC Seater (2+3),10:30,16:30,06h 00m,285,46 Seats available,"3.4
9",Kozhikode to Mysore,https://www.redbus.in/bus-tickets/kozhikode-to-mysore
KSRTC (Kerala) - 932,Super Fast Non AC Seater (2+3),11:15,17:00,05h 45m,273,37 Seats available,"3.4
6",Kozhikode to Mysore,https://www.redbus.in/bus-tickets/kozhikode-to-mysore
KSRTC (Kerala) - 55,SWIFT-GARUDA A/C SEATER BUS,12:02,17:05,05h 03m,586,21 Seats available,"3.5
14",Kozhikode to Mysore,https://www.redbus.in/bus-tickets/kozhikode-to-mysore
KSRTC (Kerala) - 1076,Super Fast Non AC Seater (2+3),13:00,19:15,06h 15m,285,45 Seats available,"4.0
9",Kozhikode to Mysore,https://www.redbus.in/bus-tickets/kozhikode-to-mysore
KSRTC (Kerala) - 805,Super Fast Non AC Seater (2+3),13:32,18:42,05h 10m,285,10 Seats available,"4.4
10",Kozhikode to Mysore,https://www.redbus.in/bus-tickets/kozhikode-to-mysore
LIYAS TOURS,Bharat Benz A/C Sleeper (2+1),03:40,08:00,04h 20m,699,8 Seats available,"3.3
6",Kozhikode to Mysore,https://www.redbus.in/bus-tickets/kozhikode-to-mysore
A1 Travels,Bharat Benz A/C Sleeper (2+1),04:00,08:15,04h 15m,400,25 Seats available,"3.0
16",Kozhikode to Mysore,https://www.redbus.in/bus-tickets/kozhikode-to-mysore
Kyros Connect,Bharat Benz A/C Semi Sleeper (2+2),12:15,17:45,05h 30m,599,34 Seats available,"4.6
23",Kozhikode to Mysore,https://www.redbus.in/bus-tickets/kozhikode-to-mysore
A1 Travels,Non A/C Seater / Sleeper (2+1),21:30,04:00,06h 30m,800,4 Seats available,3.3,Kozhikode to Mysore,https://www.redbus.in/bus-tickets/kozhikode-to-mysore
Kallada Travels (Suresh Kallada),A/C Sleeper (2+1),03:30,09:00,05h 30m,600,12 Seats available,"2.7
18",Kozhikode to Mysore,https://www.redbus.in/bus-tickets/kozhikode-to-mysore
BLM Transports,A/C Sleeper (2+1),22:00,07:00,09h 00m,1178,7 Seats available,"4.1
96",Kozhikode to Thiruvananthapuram,https://www.redbus.in/bus-tickets/kozhikode-to-thiruvananthapuram
A1 Travels,A/C Seater / Sleeper (2+1),20:05,05:30,09h 25m,700,16 Seats available,"3.7
166",Kozhikode to Thiruvananthapuram,https://www.redbus.in/bus-tickets/kozhikode-to-thiruvananthapuram
A1 Travels,NON A/C Semi Sleeper (2+2),21:00,06:00,09h 00m,600,17 Seats available,"3.7
116",Kozhikode to Thiruvananthapuram,https://www.redbus.in/bus-tickets/kozhikode-to-thiruvananthapuram
LIYAS TOURS,Bharat Benz A/C Sleeper (2+1),23:05,07:40,08h 35m,1099,4 Seats available,"4.3
37",Kozhikode to Thiruvananthapuram,https://www.redbus.in/bus-tickets/kozhikode-to-thiruvananthapuram
Kallada Travels (Suresh Kallada),A/C Sleeper (2+1),23:15,07:15,08h 00m,1200,24 Seats available,"2.2
53",Kozhikode to Thiruvananthapuram,https://www.redbus.in/bus-tickets/kozhikode-to-thiruvananthapuram
A1 Travels,Bharat Benz A/C Sleeper (2+1),23:30,08:00,08h 30m,1000,32 Seats available,"2.7
18",Kozhikode to Thiruvananthapuram,https://www.redbus.in/bus-tickets/kozhikode-to-thiruvananthapuram
Kallada Travels (Suresh Kallada),A/C Sleeper (2+1),01:00,09:35,08h 35m,1050,9 Seats available,"2.0
7",Kozhikode to Thiruvananthapuram,https://www.redbus.in/bus-tickets/kozhikode-to-thiruvananthapuram
A1 Travels,Bharat Benz A/C Seater /Sleeper (2+1),22:15,05:45,07h 30m,800,22 Seats available,"2.2
77",Kozhikode to Thiruvananthapuram,https://www.redbus.in/bus-tickets/kozhikode-to-thiruvananthapuram
A1 Travels,Bharat Benz A/C Seater /Sleeper (2+1),22:30,06:00,07h 30m,800,31 Seats available,"2.3
28",Kozhikode to Thiruvananthapuram,https://www.redbus.in/bus-tickets/kozhikode-to-thiruvananthapuram
KP Travels,Volvo AC Seater Pushback 2+2,23:00,06:30,07h 30m,1799,1 Seat available,"2.9
4",Kozhikode to Thiruvananthapuram,https://www.redbus.in/bus-tickets/kozhikode-to-thiruvananthapuram
KSRTC (Kerala) - 581,Super Express Non AC Seater Air Bus (2+2),10:03,16:43,06h 40m,377,2 Seats available,"4.5
24",Bangalore to Kalpetta (kerala),https://www.redbus.in/bus-tickets/bangalore-to-kalpetta
KSRTC (Kerala) - 52,SWIFT-GARUDA A/C SEATER BUS,12:01,18:20,06h 19m,524,12 Seats available,"4.1
23",Bangalore to Kalpetta (kerala),https://www.redbus.in/bus-tickets/bangalore-to-kalpetta
KSRTC (Kerala) - 1378,AC MULTI AXLE,13:46,19:15,05h 29m,576,8 Seats available,"2.2
13",Bangalore to Kalpetta (kerala),https://www.redbus.in/bus-tickets/bangalore-to-kalpetta
KSRTC (Kerala) - 370,AC MULTI AXLE,15:25,20:55,05h 30m,576,10 Seats available,"3.2
22",Bangalore to Kalpetta (kerala),https://www.redbus.in/bus-tickets/bangalore-to-kalpetta
KSRTC (Kerala) - 97,Swift Deluxe Non AC Air Bus (2+2),16:02,22:31,06h 29m,475,14 Seats available,"1.9
5",Bangalore to Kalpetta (kerala),https://www.redbus.in/bus-tickets/bangalore-to-kalpetta
KSRTC (Kerala) - 171,Swift Deluxe Non AC Air Bus (2+2),16:16,23:30,07h 14m,548,19 Seats available,"3.9
4",Bangalore to Kalpetta (kerala),https://www.redbus.in/bus-tickets/bangalore-to-kalpetta
KSRTC (Kerala) - 553,Super Express Non AC Seater Air Bus (2+2),16:45,00:10,07h 25m,548,28 Seats available,3.8,Bangalore to Kalpetta (kerala),https://www.redbus.in/bus-tickets/bangalore-to-kalpetta
KSRTC (Kerala) - 51,Swift Deluxe Non AC Air Bus (2+2),19:04,02:50,07h 46m,548,35 Seats available,3.8,Bangalore to Kalpetta (kerala),https://www.redbus.in/bus-tickets/bangalore-to-kalpetta
KSRTC (Kerala) - 789,Super Fast Non AC Seater (2+3),20:00,02:05,06h 05m,473,20 Seats available,3.8,Bangalore to Kalpetta (kerala),https://www.redbus.in/bus-tickets/bangalore-to-kalpetta
KSRTC (Kerala) - 1585,Super Express Non AC Seater Air Bus (2+2),20:31,03:41,07h 10m,548,16 Seats available,3.8,Bangalore to Kalpetta (kerala),https://www.redbus.in/bus-tickets/bangalore-to-kalpetta
KSRTC (Kerala) - 1586,Super Express Non AC Seater Air Bus (2+2),21:31,04:46,07h 15m,548,37 Seats available,3.8,Bangalore to Kalpetta (kerala),https://www.redbus.in/bus-tickets/bangalore-to-kalpetta
KSRTC (Kerala) - 2133,Swift Deluxe Non AC Air Bus (2+2),22:12,06:01,07h 49m,548,25 Seats available,"3.9
6",Bangalore to Kalpetta (kerala),https://www.redbus.in/bus-tickets/bangalore-to-kalpetta
KSRTC (Kerala) - 2063,SWIFT-GARUDA A/C SEATER BUS,22:32,05:15,06h 43m,524,9 Seats available,"4.1
9",Bangalore to Kalpetta (kerala),https://www.redbus.in/bus-tickets/bangalore-to-kalpetta
KSRTC (Kerala) - 574,Super Express Non AC Seater Air Bus (2+2),23:00,07:30,08h 30m,377,33 Seats available,"3.7
18",Bangalore to Kalpetta (kerala),https://www.redbus.in/bus-tickets/bangalore-to-kalpetta
KSRTC (Kerala) - 583,Super Express Non AC Seater Air Bus (2+2),23:30,07:35,08h 05m,377,22 Seats available,"3.5
13",Bangalore to Kalpetta (kerala),https://www.redbus.in/bus-tickets/bangalore-to-kalpetta
KSRTC (Kerala) - 56,SWIFT-GARUDA A/C SEATER BUS,23:41,07:15,07h 34m,524,15 Seats available,"4.4
51",Bangalore to Kalpetta (kerala),https://www.redbus.in/bus-tickets/bangalore-to-kalpetta
DLT BUS,A/C Sleeper (2+1),22:30,05:30,07h 00m,1099,15 Seats available,"4.2
165",Bangalore to Kalpetta (kerala),https://www.redbus.in/bus-tickets/bangalore-to-kalpetta
MMK Travels,VE A/C Seater / Sleeper (2+1),22:30,05:30,07h 00m,900,25 Seats available,"4.4
80",Bangalore to Kalpetta (kerala),https://www.redbus.in/bus-tickets/bangalore-to-kalpetta
Kyros Connect,Bharat Benz A/C Semi Sleeper (2+2),23:00,07:20,08h 20m,599,37 Seats available,"4.4
73",Bangalore to Kalpetta (kerala),https://www.redbus.in/bus-tickets/bangalore-to-kalpetta
DLT BUS,A/C Sleeper (2+1),22:30,05:20,06h 50m,1099,18 Seats available,"4.4
62",Bangalore to Kalpetta (kerala),https://www.redbus.in/bus-tickets/bangalore-to-kalpetta
Kyros Connect,Bharat Benz A/C Semi Sleeper (2+2),23:00,07:30,08h 30m,599,37 Seats available,"3.9
100",Bangalore to Kalpetta (kerala),https://www.redbus.in/bus-tickets/bangalore-to-kalpetta
KSRTC (Kerala) - 713,Super Fast Non AC Seater (2+3),04:30,10:45,06h 15m,285,36 Seats available,"4.9
7",Mysore to Kozhikode,https://www.redbus.in/bus-tickets/mysore-to-kozhikode
KSRTC (Kerala) - 893,Super Fast Non AC Seater (2+3),06:02,12:10,06h 08m,273,36 Seats available,"4.7
11",Mysore to Kozhikode,https://www.redbus.in/bus-tickets/mysore-to-kozhikode
KSRTC (Kerala) - 894,Super Fast Non AC Seater (2+3),07:01,13:11,06h 10m,273,36 Seats available,"4.0
8",Mysore to Kozhikode,https://www.redbus.in/bus-tickets/mysore-to-kozhikode
KSRTC (Kerala) - 933,Super Fast Non AC Seater (2+3),09:00,15:10,06h 10m,273,33 Seats available,3.9,Mysore to Kozhikode,https://www.redbus.in/bus-tickets/mysore-to-kozhikode
KSRTC (Kerala) - 718,Super Fast Non AC Seater (2+3),10:15,16:05,05h 50m,285,42 Seats available,"4.8
30",Mysore to Kozhikode,https://www.redbus.in/bus-tickets/mysore-to-kozhikode
KSRTC (Kerala) - 1164,Super Fast Non AC Seater (2+3),12:02,18:35,06h 33m,273,40 Seats available,"4.1
11",Mysore to Kozhikode,https://www.redbus.in/bus-tickets/mysore-to-kozhikode
KSRTC (Kerala) - 581,Super Express Non AC Seater Air Bus (2+2),13:18,18:48,05h 30m,306,4 Seats available,3.9,Mysore to Kozhikode,https://www.redbus.in/bus-tickets/mysore-to-kozhikode
KSRTC (Kerala) - 814,Super Fast Non AC Seater (2+3),13:25,19:15,05h 50m,285,45 Seats available,"2.8
6",Mysore to Kozhikode,https://www.redbus.in/bus-tickets/mysore-to-kozhikode
KSRTC (Kerala) - 1129,Super Fast Non AC Seater (2+3),14:01,20:16,06h 15m,273,33 Seats available,"3.4
8",Mysore to Kozhikode,https://www.redbus.in/bus-tickets/mysore-to-kozhikode
KSRTC (Kerala) - 567,Super Express Non AC Seater Air Bus (2+2),14:46,20:45,05h 59m,306,25 Seats available,"2.7
4",Mysore to Kozhikode,https://www.redbus.in/bus-tickets/mysore-to-kozhikode
KSRTC (Kerala) - 52,SWIFT-GARUDA A/C SEATER BUS,14:50,19:55,05h 05m,391,14 Seats available,"1.8
9",Mysore to Kozhikode,https://www.redbus.in/bus-tickets/mysore-to-kozhikode
KSRTC (Kerala) - 1193,Super Fast Non AC Seater (2+3),15:45,21:35,05h 50m,285,46 Seats available,"4.6
10",Mysore to Kozhikode,https://www.redbus.in/bus-tickets/mysore-to-kozhikode
KSRTC (Kerala) - 1378,AC MULTI AXLE,16:20,21:25,05h 05m,494,10 Seats available,3.9,Mysore to Kozhikode,https://www.redbus.in/bus-tickets/mysore-to-kozhikode
KSRTC (Kerala) - 712,Super Fast Non AC Seater (2+3),16:45,22:30,05h 45m,285,50 Seats available,"3.4
9",Mysore to Kozhikode,https://www.redbus.in/bus-tickets/mysore-to-kozhikode
KSRTC (Kerala) - 798,Super Fast Non AC Seater (2+3),17:00,23:00,06h 00m,285,49 Seats available,3.9,Mysore to Kozhikode,https://www.redbus.in/bus-tickets/mysore-to-kozhikode
MMK Travels,VE A/C Seater / Sleeper (2+1),00:30,07:30,07h 00m,700,5 Seats available,"3.4
5",Mysore to Kozhikode,https://www.redbus.in/bus-tickets/mysore-to-kozhikode
DA Transports,A/C Sleeper (2+1),00:35,07:00,06h 25m,785,20 Seats available,3.6,Mysore to Kozhikode,https://www.redbus.in/bus-tickets/mysore-to-kozhikode
Orange Tours And Travels,Bharat Benz A/C Sleeper (2+1),05:30,10:00,04h 30m,800,11 Seats available,"3.2
15",Mysore to Kozhikode,https://www.redbus.in/bus-tickets/mysore-to-kozhikode
LIYAS TOURS,Bharat Benz A/C Sleeper (2+1),17:25,23:05,05h 40m,599,7 Seats available,"4.5
32",Mysore to Kozhikode,https://www.redbus.in/bus-tickets/mysore-to-kozhikode
A1 Travels,Bharat Benz A/C Sleeper (2+1),17:30,23:30,06h 00m,600,35 Seats available,3.3,Mysore to Kozhikode,https://www.redbus.in/bus-tickets/mysore-to-kozhikode
KSRTC (Kerala) - 2132,Swift Deluxe Non AC Air Bus (2+2),09:19,16:29,07h 10m,617,24 Seats available,"4.8
4",Kalpetta (kerala) to Bangalore,https://www.redbus.in/bus-tickets/kalpetta-to-bangalore
KSRTC (Kerala) - 580,Super Express Non AC Seater Air Bus (2+2),09:46,16:36,06h 50m,483,13 Seats available,"3.7
7",Kalpetta (kerala) to Bangalore,https://www.redbus.in/bus-tickets/kalpetta-to-bangalore
KSRTC (Kerala) - 53,SWIFT-GARUDA A/C SEATER BUS,09:50,16:20,06h 30m,791,20 Seats available,"3.7
29",Kalpetta (kerala) to Bangalore,https://www.redbus.in/bus-tickets/kalpetta-to-bangalore
KSRTC (Kerala) - 579,Super Express Non AC Seater Air Bus (2+2),11:40,18:30,06h 50m,483,14 Seats available,"3.9
9",Kalpetta (kerala) to Bangalore,https://www.redbus.in/bus-tickets/kalpetta-to-bangalore
KSRTC (Kerala) - 55,SWIFT-GARUDA A/C SEATER BUS,13:35,19:55,06h 20m,791,21 Seats available,"3.5
32",Kalpetta (kerala) to Bangalore,https://www.redbus.in/bus-tickets/kalpetta-to-bangalore
KSRTC (Kerala) - 805,Super Fast Non AC Seater (2+3),15:32,22:32,07h 00m,348,10 Seats available,"3.8
11",Kalpetta (kerala) to Bangalore,https://www.redbus.in/bus-tickets/kalpetta-to-bangalore
KSRTC (Kerala) - 578,Super Express Non AC Seater Air Bus (2+2),20:00,04:00,08h 00m,550,1 Seat available,"2.4
16",Kalpetta (kerala) to Bangalore,https://www.redbus.in/bus-tickets/kalpetta-to-bangalore
KSRTC (Kerala) - 72,SWIFT-GARUDA A/C SEATER BUS,20:35,03:35,07h 00m,883,16 Seats available,"3.4
21",Kalpetta (kerala) to Bangalore,https://www.redbus.in/bus-tickets/kalpetta-to-bangalore
KSRTC (Kerala) - 1583,Super Express Non AC Seater Air Bus (2+2),21:57,05:21,07h 24m,709,19 Seats available,"4.4
8",Kalpetta (kerala) to Bangalore,https://www.redbus.in/bus-tickets/kalpetta-to-bangalore
KSRTC (Kerala) - 1584,Super Express Non AC Seater Air Bus (2+2),23:29,06:38,07h 09m,709,6 Seats available,"4.0
14",Kalpetta (kerala) to Bangalore,https://www.redbus.in/bus-tickets/kalpetta-to-bangalore
KSRTC (Kerala) - 50,Swift Deluxe Non AC Air Bus (2+2),23:51,06:41,06h 50m,709,3 Seats available,"4.4
10",Kalpetta (kerala) to Bangalore,https://www.redbus.in/bus-tickets/kalpetta-to-bangalore
Kyros Connect,Bharat Benz A/C Semi Sleeper (2+2),13:55,20:45,06h 50m,799,31 Seats available,"4.4
128",Kalpetta (kerala) to Bangalore,https://www.redbus.in/bus-tickets/kalpetta-to-bangalore
MMK Travels,VE A/C Seater / Sleeper (2+1),23:45,06:00,06h 15m,1200,18 Seats available,"4.5
83",Kalpetta (kerala) to Bangalore,https://www.redbus.in/bus-tickets/kalpetta-to-bangalore
DLT BUS,A/C Sleeper (2+1),23:45,06:30,06h 45m,1499,14 Seats available,"4.0
95",Kalpetta (kerala) to Bangalore,https://www.redbus.in/bus-tickets/kalpetta-to-bangalore
Silver Line Travels,NON A/C Semi Sleeper (2+2),22:45,05:45,07h 00m,799,15 Seats available,"4.3
55",Kalpetta (kerala) to Bangalore,https://www.redbus.in/bus-tickets/kalpetta-to-bangalore
Kyros Connect,Bharat Benz A/C Semi Sleeper (2+2),13:57,20:45,06h 48m,799,31 Seats available,"3.6
66",Kalpetta (kerala) to Bangalore,https://www.redbus.in/bus-tickets/kalpetta-to-bangalore
KSRTC (Kerala) - 1029,Super Fast Non AC Seater (2+3),00:00,03:35,03h 35m,181,47 Seats available,3.1,Kozhikode to Thrissur,https://www.redbus.in/bus-tickets/kozhikode-to-thrissur
KSRTC (Kerala) - 485,Super Express Non AC Seater Air Bus (2+2),00:05,02:50,02h 45m,216,31 Seats available,3.1,Kozhikode to Thrissur,https://www.redbus.in/bus-tickets/kozhikode-to-thrissur
KSRTC (Kerala) - 2518,Swift Deluxe Non AC Air Bus (2+2),00:11,02:56,02h 45m,216,25 Seats available,3.1,Kozhikode to Thrissur,https://www.redbus.in/bus-tickets/kozhikode-to-thrissur
KSRTC (Kerala) - 601,Super Express Non AC Seater Air Bus (2+2),00:20,03:30,03h 10m,201,4 Seats available,3.1,Kozhikode to Thrissur,https://www.redbus.in/bus-tickets/kozhikode-to-thrissur
KSRTC (Kerala) - 2368,Low Floor AC Seater 2+2,00:30,03:35,03h 05m,253,9 Seats available,3.1,Kozhikode to Thrissur,https://www.redbus.in/bus-tickets/kozhikode-to-thrissur
KSRTC (Kerala) - 315,Super Fast Non AC Seater (2+3),00:40,03:55,03h 15m,181,47 Seats available,3.1,Kozhikode to Thrissur,https://www.redbus.in/bus-tickets/kozhikode-to-thrissur
KSRTC (Kerala) - 97,Swift Deluxe Non AC Air Bus (2+2),00:50,03:21,02h 31m,216,6 Seats available,3.1,Kozhikode to Thrissur,https://www.redbus.in/bus-tickets/kozhikode-to-thrissur
KSRTC (Kerala) - 171,Swift Deluxe Non AC Air Bus (2+2),01:20,04:05,02h 45m,216,3 Seats available,3.1,Kozhikode to Thrissur,https://www.redbus.in/bus-tickets/kozhikode-to-thrissur
KSRTC (Kerala) - 2389,Low Floor AC Seater 2+2,01:30,04:35,03h 05m,253,18 Seats available,3.1,Kozhikode to Thrissur,https://www.redbus.in/bus-tickets/kozhikode-to-thrissur
KSRTC (Kerala) - 1850,Low Floor AC Seater 2+2,02:30,05:35,03h 05m,253,8 Seats available,3.1,Kozhikode to Thrissur,https://www.redbus.in/bus-tickets/kozhikode-to-thrissur
KSRTC (Kerala) - 1856,Low Floor AC Seater 2+2,03:30,06:35,03h 05m,253,3 Seats available,"4.1
5",Kozhikode to Thrissur,https://www.redbus.in/bus-tickets/kozhikode-to-thrissur
KSRTC (Kerala) - 2713,Super Fast Non AC Seater (2+3),04:00,07:20,03h 20m,166,47 Seats available,3.1,Kozhikode to Thrissur,https://www.redbus.in/bus-tickets/kozhikode-to-thrissur
KSRTC (Kerala) - 2370,Low Floor AC Seater 2+2,04:30,07:50,03h 20m,253,5 Seats available,3.1,Kozhikode to Thrissur,https://www.redbus.in/bus-tickets/kozhikode-to-thrissur
KSRTC (Kerala) - 75,Swift Deluxe Non AC Air Bus (2+2),04:42,07:25,02h 43m,216,22 Seats available,3.1,Kozhikode to Thrissur,https://www.redbus.in/bus-tickets/kozhikode-to-thrissur
KSRTC (Kerala) - 2392,Low Floor AC Seater 2+2,05:30,08:50,03h 20m,253,23 Seats available,3.1,Kozhikode to Thrissur,https://www.redbus.in/bus-tickets/kozhikode-to-thrissur
Madhavi Travels,A/C Semi Sleeper (2+2),00:15,04:00,03h 45m,799,1 Seat available,4.0,Kozhikode to Thrissur,https://www.redbus.in/bus-tickets/kozhikode-to-thrissur
Madhavi Travels,A/C Sleeper (2+1),00:25,03:45,03h 20m,799,2 Seats available,4.0,Kozhikode to Thrissur,https://www.redbus.in/bus-tickets/kozhikode-to-thrissur
Ubc travels,A/C Semi Sleeper (2+2),00:25,03:00,02h 35m,700,16 Seats available,3.8,Kozhikode to Thrissur,https://www.redbus.in/bus-tickets/kozhikode-to-thrissur
Madhavi Travels,A/C Seater (2+2),00:45,04:05,03h 20m,549,4 Seats available,4.0,Kozhikode to Thrissur,https://www.redbus.in/bus-tickets/kozhikode-to-thrissur
Kallada Travels (Suresh Kallada),A/C Sleeper (2+1),01:00,03:30,02h 30m,800,7 Seats available,3.2,Kozhikode to Thrissur,https://www.redbus.in/bus-tickets/kozhikode-to-thrissur
BLM Transports,A/C Sleeper (2+1),20:15,05:00,08h 45m,1302,11 Seats available,"4.2
103",Thiruvananthapuram to Kozhikode,https://www.redbus.in/bus-tickets/thiruvananthapuram-to-kozhikode
A1 Travels,A/C Seater / Sleeper (2+1),21:35,07:00,09h 25m,700,18 Seats available,"3.5
71",Thiruvananthapuram to Kozhikode,https://www.redbus.in/bus-tickets/thiruvananthapuram-to-kozhikode
A1 Travels,Bharat Benz A/C Seater /Sleeper (2+1),20:15,05:30,09h 15m,800,37 Seats available,"3.6
30",Thiruvananthapuram to Kozhikode,https://www.redbus.in/bus-tickets/thiruvananthapuram-to-kozhikode
LIYAS TOURS,Bharat Benz A/C Sleeper (2+1),16:45,03:40,10h 55m,1299,3 Seats available,"5.0
5",Thiruvananthapuram to Kozhikode,https://www.redbus.in/bus-tickets/thiruvananthapuram-to-kozhikode
A1 Travels,Bharat Benz A/C Seater /Sleeper (2+1),20:30,05:00,08h 30m,800,6 Seats available,"2.6
52",Thiruvananthapuram to Kozhikode,https://www.redbus.in/bus-tickets/thiruvananthapuram-to-kozhikode
A1 Travels,Bharat Benz A/C Sleeper (2+1),19:00,04:00,09h 00m,1300,11 Seats available,"2.7
20",Thiruvananthapuram to Kozhikode,https://www.redbus.in/bus-tickets/thiruvananthapuram-to-kozhikode
EMERALD TRAVELS,Bharat Benz A/C Semi Sleeper (2+2),19:30,04:30,09h 00m,800,30 Seats available,"1.9
17",Thiruvananthapuram to Kozhikode,https://www.redbus.in/bus-tickets/thiruvananthapuram-to-kozhikode
Madhavi Travels,Volvo A/C Semi Sleeper (2+2),20:40,04:30,07h 50m,999,32 Seats available,4.2,Thiruvananthapuram to Kozhikode,https://www.redbus.in/bus-tickets/thiruvananthapuram-to-kozhikode
A1 Travels,NON A/C Semi Sleeper (2+2),21:00,06:30,09h 30m,600,30 Seats available,"3.6
67",Thiruvananthapuram to Kozhikode,https://www.redbus.in/bus-tickets/thiruvananthapuram-to-kozhikode
Kallada Travels (Suresh Kallada),A/C Sleeper (2+1),16:00,03:51,11h 51m,1500,4 Seats available,2.8,Thiruvananthapuram to Kozhikode,https://www.redbus.in/bus-tickets/thiruvananthapuram-to-kozhikode
KSRTC (Kerala) - 136,Swift Deluxe Non AC Air Bus (2+2),20:30,04:25,07h 55m,568,15 Seats available,"3.3
23",Bangalore to Kannur,https://www.redbus.in/bus-tickets/bangalore-to-kannur
KSRTC (Kerala) - 101,Swift Deluxe Non AC Air Bus (2+2),21:16,04:05,06h 49m,548,16 Seats available,"4.3
79",Bangalore to Kannur,https://www.redbus.in/bus-tickets/bangalore-to-kannur
KSRTC (Kerala) - 98,Swift Deluxe Non AC Air Bus (2+2),21:30,05:45,08h 15m,579,26 Seats available,"3.9
38",Bangalore to Kannur,https://www.redbus.in/bus-tickets/bangalore-to-kannur
KSRTC (Kerala) - 1767,Super Express Non AC Seater Air Bus (2+2),23:01,06:46,07h 45m,568,6 Seats available,"3.6
44",Bangalore to Kannur,https://www.redbus.in/bus-tickets/bangalore-to-kannur
MMK Travels,A/C Sleeper (2+1),22:15,05:30,07h 15m,1050,15 Seats available,"4.5
275",Bangalore to Kannur,https://www.redbus.in/bus-tickets/bangalore-to-kannur
GOLDEN TRAVEL AGENCIES,Volvo A/C Semi Sleeper (2+2),22:45,04:45,06h 00m,1000,11 Seats available,"4.5
210",Bangalore to Kannur,https://www.redbus.in/bus-tickets/bangalore-to-kannur
NS Transports,A/C Sleeper (2+1),22:15,05:35,07h 20m,1100,18 Seats available,"4.4
261",Bangalore to Kannur,https://www.redbus.in/bus-tickets/bangalore-to-kannur
AdSAAM BUS,VE A/C Sleeper (2+1),20:10,04:45,08h 35m,900,14 Seats available,"4.3
74",Bangalore to Kannur,https://www.redbus.in/bus-tickets/bangalore-to-kannur
Kalpaka Travels,A/C Sleeper (2+1),22:10,05:00,06h 50m,1100,10 Seats available,"4.3
180",Bangalore to Kannur,https://www.redbus.in/bus-tickets/bangalore-to-kannur
GOLDEN TRAVEL AGENCIES,A/C Sleeper (2+1),21:45,05:25,07h 40m,949,7 Seats available,"4.3
116",Bangalore to Kannur,https://www.redbus.in/bus-tickets/bangalore-to-kannur
GOLDEN TRAVEL AGENCIES,NON A/C Sleeper (2+1),22:30,04:45,06h 15m,900,8 Seats available,"4.2
118",Bangalore to Kannur,https://www.redbus.in/bus-tickets/bangalore-to-kannur
Ashoka Travel and Logistics,A/C Sleeper (2+1),21:45,05:30,07h 45m,900,5 Seats available,"4.4
197",Bangalore to Kannur,https://www.redbus.in/bus-tickets/bangalore-to-kannur
NS Transports,Non A/C Seater / Sleeper (2+1),22:00,06:00,08h 00m,800,20 Seats available,"3.9
270",Bangalore to Kannur,https://www.redbus.in/bus-tickets/bangalore-to-kannur
Sugama Tourist,A/C Sleeper (2+1),22:00,05:30,07h 30m,850,7 Seats available,"3.9
147",Bangalore to Kannur,https://www.redbus.in/bus-tickets/bangalore-to-kannur
KSRTC (Kerala) - 1029,Super Fast Non AC Seater (2+3),00:00,07:15,07h 15m,355,50 Seats available,2.7,Kozhikode to Kottayam,https://www.redbus.in/bus-tickets/kozhikode-to-kottayam
KSRTC (Kerala) - 485,Super Express Non AC Seater Air Bus (2+2),00:05,05:30,05h 25m,381,31 Seats available,"1.4
7",Kozhikode to Kottayam,https://www.redbus.in/bus-tickets/kozhikode-to-kottayam
KSRTC (Kerala) - 601,Super Express Non AC Seater Air Bus (2+2),00:20,07:20,07h 00m,386,4 Seats available,2.7,Kozhikode to Kottayam,https://www.redbus.in/bus-tickets/kozhikode-to-kottayam
KSRTC (Kerala) - 525,Super Express Non AC Seater Air Bus (2+2),00:35,05:20,04h 45m,381,31 Seats available,2.7,Kozhikode to Kottayam,https://www.redbus.in/bus-tickets/kozhikode-to-kottayam
KSRTC (Kerala) - 315,Super Fast Non AC Seater (2+3),00:40,07:10,06h 30m,332,47 Seats available,2.7,Kozhikode to Kottayam,https://www.redbus.in/bus-tickets/kozhikode-to-kottayam
KSRTC (Kerala) - 2389,Low Floor AC Seater 2+2,01:30,07:50,06h 20m,475,11 Seats available,"3.1
6",Kozhikode to Kottayam,https://www.redbus.in/bus-tickets/kozhikode-to-kottayam
KSRTC (Kerala) - 2392,Low Floor AC Seater 2+2,05:30,12:35,07h 05m,475,14 Seats available,2.7,Kozhikode to Kottayam,https://www.redbus.in/bus-tickets/kozhikode-to-kottayam
KSRTC (Kerala) - 1868,Low Floor AC Seater 2+2,07:30,14:40,07h 10m,475,7 Seats available,"4.1
4",Kozhikode to Kottayam,https://www.redbus.in/bus-tickets/kozhikode-to-kottayam
KSRTC (Kerala) - 851,Super Fast Non AC Seater (2+3),08:15,15:10,06h 55m,332,45 Seats available,2.7,Kozhikode to Kottayam,https://www.redbus.in/bus-tickets/kozhikode-to-kottayam
KSRTC (Kerala) - 2006,Super Fast Non AC Seater (2+3),08:35,16:30,07h 55m,332,48 Seats available,2.7,Kozhikode to Kottayam,https://www.redbus.in/bus-tickets/kozhikode-to-kottayam
KSRTC (Kerala) - 761,Super Fast Non AC Seater (2+3),08:45,15:55,07h 10m,332,48 Seats available,2.7,Kozhikode to Kottayam,https://www.redbus.in/bus-tickets/kozhikode-to-kottayam
KSRTC (Kerala) - 1873,Low Floor AC Seater 2+2,09:30,16:40,07h 10m,475,13 Seats available,2.7,Kozhikode to Kottayam,https://www.redbus.in/bus-tickets/kozhikode-to-kottayam
KSRTC (Kerala) - 848,Super Fast Non AC Seater (2+3),10:10,17:20,07h 10m,332,47 Seats available,2.7,Kozhikode to Kottayam,https://www.redbus.in/bus-tickets/kozhikode-to-kottayam
KSRTC (Kerala) - 755,Super Fast Non AC Seater (2+3),11:15,18:15,07h 00m,332,48 Seats available,2.7,Kozhikode to Kottayam,https://www.redbus.in/bus-tickets/kozhikode-to-kottayam
KSRTC (Kerala) - 2390,Low Floor AC Seater 2+2,11:30,18:50,07h 20m,475,15 Seats available,2.7,Kozhikode to Kottayam,https://www.redbus.in/bus-tickets/kozhikode-to-kottayam
A1 Travels,A/C Seater / Sleeper (2+1),20:05,03:00,06h 55m,700,16 Seats available,"4.1
18",Kozhikode to Kottayam,https://www.redbus.in/bus-tickets/kozhikode-to-kottayam
Kallada Travels (Suresh Kallada),A/C Sleeper (2+1),02:01,07:55,05h 54m,1000,7 Seats available,"4.5
4",Kozhikode to Kottayam,https://www.redbus.in/bus-tickets/kozhikode-to-kottayam
Ubc travels,A/C Seater/Sleeper (2+1),01:45,08:00,06h 15m,900,9 Seats available,3.8,Kozhikode to Kottayam,https://www.redbus.in/bus-tickets/kozhikode-to-kottayam
EMERALD TRAVELS,A/C Sleeper (2+1),21:55,03:30,05h 35m,1000,16 Seats available,3.2,Kozhikode to Kottayam,https://www.redbus.in/bus-tickets/kozhikode-to-kottayam
Sonia Travels,A/C Seater/Sleeper (2+1),23:30,06:15,06h 45m,750,20 Seats available,4.3,Kozhikode to Kottayam,https://www.redbus.in/bus-tickets/kozhikode-to-kottayam
KSRTC (Kerala) - 102,Swift Deluxe Non AC Air Bus (2+2),07:32,16:15,08h 43m,750,7 Seats available,"4.6
14",Kannur to Bangalore,https://www.redbus.in/bus-tickets/kannur-to-bangalore
KSRTC (Kerala) - 1766,Super Express Non AC Seater Air Bus (2+2),20:16,04:41,08h 25m,740,1 Seat available,"4.2
26",Kannur to Bangalore,https://www.redbus.in/bus-tickets/kannur-to-bangalore
NS Transports,A/C Sleeper (2+1),21:15,05:30,08h 15m,1700,2 Seats available,"4.6
274",Kannur to Bangalore,https://www.redbus.in/bus-tickets/kannur-to-bangalore
MMK Travels,A/C Sleeper (2+1),21:30,06:00,08h 30m,1499,9 Seats available,"4.4
246",Kannur to Bangalore,https://www.redbus.in/bus-tickets/kannur-to-bangalore
NS Transports,NON A/C Sleeper (2+1),21:45,05:45,08h 00m,1300,12 Seats available,"4.2
195",Kannur to Bangalore,https://www.redbus.in/bus-tickets/kannur-to-bangalore
Ashoka Travel and Logistics,NON A/C Semi Sleeper (2+2),08:00,17:30,09h 30m,800,10 Seats available,"4.1
100",Kannur to Bangalore,https://www.redbus.in/bus-tickets/kannur-to-bangalore
NS Transports,Non A/C Seater / Sleeper (2+1),20:30,05:20,08h 50m,1100,10 Seats available,"3.9
179",Kannur to Bangalore,https://www.redbus.in/bus-tickets/kannur-to-bangalore
Sugama Tourist,A/C Sleeper (2+1),22:00,05:30,07h 30m,1250,1 Seat available,"3.8
167",Kannur to Bangalore,https://www.redbus.in/bus-tickets/kannur-to-bangalore
Ashoka Travel and Logistics,A/C Semi Sleeper (2+2),21:00,05:15,08h 15m,900,1 Seat available,"3.7
105",Kannur to Bangalore,https://www.redbus.in/bus-tickets/kannur-to-bangalore
Ashoka Travel and Logistics,NON A/C Semi Sleeper (2+2),21:30,05:00,07h 30m,800,3 Seats available,"3.7
96",Kannur to Bangalore,https://www.redbus.in/bus-tickets/kannur-to-bangalore
National travels and logistics,Non A/C Seater / Sleeper (2+1),21:15,05:30,08h 15m,950,23 Seats available,"3.8
69",Kannur to Bangalore,https://www.redbus.in/bus-tickets/kannur-to-bangalore
Arya Travels,A/C Sleeper (2+1),21:25,05:30,08h 05m,1195,1 Seat available,"3.1
133",Kannur to Bangalore,https://www.redbus.in/bus-tickets/kannur-to-bangalore
Golden Travels,Volvo A/C Semi Sleeper (2+2),21:45,04:50,07h 05m,1199,6 Seats available,"4.9
15",Kannur to Bangalore,https://www.redbus.in/bus-tickets/kannur-to-bangalore
P K Travels,NON A/C Semi Sleeper (2+2),20:30,06:15,09h 45m,799,5 Seats available,"3.6
50",Kannur to Bangalore,https://www.redbus.in/bus-tickets/kannur-to-bangalore
Kalpaka Travels 1,NON A/C Semi Sleeper (2+2),20:45,05:00,08h 15m,800,6 Seats available,"3.4
38",Kannur to Bangalore,https://www.redbus.in/bus-tickets/kannur-to-bangalore
Golden Travels,A/C Sleeper (2+1),21:45,05:10,07h 25m,1399,4 Seats available,"3.8
10",Kannur to Bangalore,https://www.redbus.in/bus-tickets/kannur-to-bangalore
Kalpaka Travels 1,NON A/C Seater/ Sleeper (2+1),21:15,05:00,07h 45m,900,1 Seat available,"3.0
18",Kannur to Bangalore,https://www.redbus.in/bus-tickets/kannur-to-bangalore
EMERALD TRAVELS,Bharat Benz A/C Semi Sleeper (2+2),23:00,04:30,05h 30m,800,30 Seats available,"3.2
11",Kottayam to Kozhikode,https://www.redbus.in/bus-tickets/kottayam-to-kozhikode
A1 Travels,A/C Seater / Sleeper (2+1),23:59,07:00,07h 01m,700,18 Seats available,"2.8
14",Kottayam to Kozhikode,https://www.redbus.in/bus-tickets/kottayam-to-kozhikode
Madhavi Travels,Volvo A/C Semi Sleeper (2+2),23:59,04:30,04h 31m,999,24 Seats available,4.0,Kottayam to Kozhikode,https://www.redbus.in/bus-tickets/kottayam-to-kozhikode
Ubc travels,A/C Semi Sleeper (2+2),17:30,01:00,07h 30m,700,29 Seats available,3.8,Kottayam to Kozhikode,https://www.redbus.in/bus-tickets/kottayam-to-kozhikode
Ubc travels,A/C Seater/Sleeper (2+1),18:00,03:00,09h 00m,1200,24 Seats available,3.8,Kottayam to Kozhikode,https://www.redbus.in/bus-tickets/kottayam-to-kozhikode
Sonia Travels,A/C Seater/Sleeper (2+1),19:15,02:29,07h 14m,750,36 Seats available,3.8,Kottayam to Kozhikode,https://www.redbus.in/bus-tickets/kottayam-to-kozhikode
Sonia Travels,A/C Semi Sleeper (2+2),18:30,02:30,08h 00m,700,33 Seats available,3.8,Kottayam to Kozhikode,https://www.redbus.in/bus-tickets/kottayam-to-kozhikode
Kallada Travels (Suresh Kallada),A/C Sleeper (2+1),18:15,01:25,07h 10m,1300,18 Seats available,3.2,Kottayam to Kozhikode,https://www.redbus.in/bus-tickets/kottayam-to-kozhikode
Holy Maria Travels,A/C Semi Sleeper (2+2),18:20,02:10,07h 50m,800,9 Seats available,3.6,Kottayam to Kozhikode,https://www.redbus.in/bus-tickets/kottayam-to-kozhikode
KSRTC (Kerala) - 1028,Super Fast Non AC Seater (2+3),00:10,03:30,03h 20m,181,28 Seats available,2.9,Thrissur to Kozhikode,https://www.redbus.in/bus-tickets/thrissur-to-kozhikode
KSRTC (Kerala) - 377,AC MULTI AXLE,00:20,02:49,02h 29m,340,48 Seats available,2.9,Thrissur to Kozhikode,https://www.redbus.in/bus-tickets/thrissur-to-kozhikode
KSRTC (Kerala) - 1845,Low Floor AC Seater 2+2,01:05,04:10,03h 05m,253,25 Seats available,2.9,Thrissur to Kozhikode,https://www.redbus.in/bus-tickets/thrissur-to-kozhikode
KSRTC (Kerala) - 862,Super Fast Non AC Seater (2+3),01:05,04:40,03h 35m,181,48 Seats available,2.9,Thrissur to Kozhikode,https://www.redbus.in/bus-tickets/thrissur-to-kozhikode
KSRTC (Kerala) - 1199,Super Express Non AC Seater Air Bus (2+2),01:20,04:05,02h 45m,216,31 Seats available,2.9,Thrissur to Kozhikode,https://www.redbus.in/bus-tickets/thrissur-to-kozhikode
KSRTC (Kerala) - 2690,Super Fast Non AC Seater (2+3),02:15,05:30,03h 15m,181,14 Seats available,2.9,Thrissur to Kozhikode,https://www.redbus.in/bus-tickets/thrissur-to-kozhikode
KSRTC (Kerala) - 795,Super Fast Non AC Seater (2+3),03:45,07:20,03h 35m,181,31 Seats available,"4.6
5",Thrissur to Kozhikode,https://www.redbus.in/bus-tickets/thrissur-to-kozhikode
KSRTC (Kerala) - 500,Super Express Non AC Seater Air Bus (2+2),05:05,07:25,02h 20m,216,1 Seat available,"1.5
7",Thrissur to Kozhikode,https://www.redbus.in/bus-tickets/thrissur-to-kozhikode
KSRTC (Kerala) - 796,Super Fast Non AC Seater (2+3),05:45,09:10,03h 25m,181,49 Seats available,2.9,Thrissur to Kozhikode,https://www.redbus.in/bus-tickets/thrissur-to-kozhikode
KSRTC (Kerala) - 2715,Super Fast Non AC Seater (2+3),06:20,10:00,03h 40m,181,49 Seats available,2.9,Thrissur to Kozhikode,https://www.redbus.in/bus-tickets/thrissur-to-kozhikode
KSRTC (Kerala) - 2386,Low Floor AC Seater 2+2,06:49,10:09,03h 20m,253,10 Seats available,2.9,Thrissur to Kozhikode,https://www.redbus.in/bus-tickets/thrissur-to-kozhikode
KSRTC (Kerala) - 1022,Super Fast Non AC Seater (2+3),07:15,10:45,03h 30m,174,43 Seats available,2.9,Thrissur to Kozhikode,https://www.redbus.in/bus-tickets/thrissur-to-kozhikode
KSRTC (Kerala) - 1866,Low Floor AC Seater 2+2,07:45,11:05,03h 20m,253,22 Seats available,"4.1
7",Thrissur to Kozhikode,https://www.redbus.in/bus-tickets/thrissur-to-kozhikode
KSRTC (Kerala) - 1183,Super Fast Non AC Seater (2+3),07:55,11:30,03h 35m,181,45 Seats available,2.9,Thrissur to Kozhikode,https://www.redbus.in/bus-tickets/thrissur-to-kozhikode
KSRTC (Kerala) - 1869,Low Floor AC Seater 2+2,08:55,12:00,03h 05m,253,14 Seats available,"3.6
6",Thrissur to Kozhikode,https://www.redbus.in/bus-tickets/thrissur-to-kozhikode
Kallada Travels (Suresh Kallada),A/C Sleeper (2+1),01:15,05:00,03h 45m,700,14 Seats available,3.2,Thrissur to Kozhikode,https://www.redbus.in/bus-tickets/thrissur-to-kozhikode
Ubc travels,A/C Semi Sleeper (2+2),22:30,01:00,02h 30m,700,29 Seats available,3.8,Thrissur to Kozhikode,https://www.redbus.in/bus-tickets/thrissur-to-kozhikode
Kallada Travels (Suresh Kallada),A/C Sleeper (2+1),22:31,01:25,02h 54m,1300,18 Seats available,3.2,Thrissur to Kozhikode,https://www.redbus.in/bus-tickets/thrissur-to-kozhikode
Adrin Travels,A/C Seater/Sleeper (2+1),23:05,02:00,02h 55m,1000,1 Seat available,3.9,Thrissur to Kozhikode,https://www.redbus.in/bus-tickets/thrissur-to-kozhikode
Ubc travels,A/C Seater/Sleeper (2+1),23:20,03:00,03h 40m,1200,30 Seats available,3.8,Thrissur to Kozhikode,https://www.redbus.in/bus-tickets/thrissur-to-kozhikode
KSRTC (Kerala) - 588,Super Express Non AC Seater Air Bus (2+2),00:00,02:30,02h 30m,129,23 Seats available,4.1,Kozhikode to Kalpetta (kerala),https://www.redbus.in/bus-tickets/kozhikode-to-kalpetta
KSRTC (Kerala) - 994,Super Fast Non AC Seater (2+3),00:05,02:14,02h 09m,108,43 Seats available,4.1,Kozhikode to Kalpetta (kerala),https://www.redbus.in/bus-tickets/kozhikode-to-kalpetta
KSRTC (Kerala) - 819,Super Fast Non AC Seater (2+3),01:45,04:00,02h 15m,111,48 Seats available,4.1,Kozhikode to Kalpetta (kerala),https://www.redbus.in/bus-tickets/kozhikode-to-kalpetta
KSRTC (Kerala) - 2131,Super Express Non AC Seater Air Bus (2+2),01:50,03:40,01h 50m,129,18 Seats available,4.1,Kozhikode to Kalpetta (kerala),https://www.redbus.in/bus-tickets/kozhikode-to-kalpetta
KSRTC (Kerala) - 561,Super Express Non AC Seater Air Bus (2+2),01:55,04:20,02h 25m,129,27 Seats available,4.1,Kozhikode to Kalpetta (kerala),https://www.redbus.in/bus-tickets/kozhikode-to-kalpetta
KSRTC (Kerala) - 559,Super Express Non AC Seater Air Bus (2+2),02:10,03:35,01h 25m,145,25 Seats available,4.1,Kozhikode to Kalpetta (kerala),https://www.redbus.in/bus-tickets/kozhikode-to-kalpetta
KSRTC (Kerala) - 1377,AC MULTI AXLE,02:20,03:55,01h 35m,227,24 Seats available,4.1,Kozhikode to Kalpetta (kerala),https://www.redbus.in/bus-tickets/kozhikode-to-kalpetta
KSRTC (Kerala) - 2071,Super Express Non AC Seater Air Bus (2+2),02:30,04:00,01h 30m,145,20 Seats available,4.1,Kozhikode to Kalpetta (kerala),https://www.redbus.in/bus-tickets/kozhikode-to-kalpetta
KSRTC (Kerala) - 408,Super Express Non AC Seater Air Bus (2+2),02:45,04:10,01h 25m,145,23 Seats available,4.1,Kozhikode to Kalpetta (kerala),https://www.redbus.in/bus-tickets/kozhikode-to-kalpetta
KSRTC (Kerala) - 377,AC MULTI AXLE,02:49,04:09,01h 20m,227,48 Seats available,4.1,Kozhikode to Kalpetta (kerala),https://www.redbus.in/bus-tickets/kozhikode-to-kalpetta
KSRTC (Kerala) - 585,Super Express Non AC Seater Air Bus (2+2),02:55,05:00,02h 05m,129,32 Seats available,4.1,Kozhikode to Kalpetta (kerala),https://www.redbus.in/bus-tickets/kozhikode-to-kalpetta
KSRTC (Kerala) - 368,AC MULTI AXLE,03:05,04:20,01h 15m,227,38 Seats available,4.1,Kozhikode to Kalpetta (kerala),https://www.redbus.in/bus-tickets/kozhikode-to-kalpetta
KSRTC (Kerala) - 1126,Super Fast Non AC Seater (2+3),03:16,05:16,02h 00m,108,41 Seats available,4.1,Kozhikode to Kalpetta (kerala),https://www.redbus.in/bus-tickets/kozhikode-to-kalpetta
KSRTC (Kerala) - 43,Swift Deluxe Non AC Air Bus (2+2),03:21,05:06,01h 45m,145,16 Seats available,4.1,Kozhikode to Kalpetta (kerala),https://www.redbus.in/bus-tickets/kozhikode-to-kalpetta
KSRTC (Kerala) - 411,Super Express Non AC Seater Air Bus (2+2),03:31,04:56,01h 25m,145,29 Seats available,4.1,Kozhikode to Kalpetta (kerala),https://www.redbus.in/bus-tickets/kozhikode-to-kalpetta
Kyros Connect,Bharat Benz A/C Semi Sleeper (2+2),12:15,14:25,02h 10m,500,38 Seats available,"4.1
8",Kozhikode to Kalpetta (kerala),https://www.redbus.in/bus-tickets/kozhikode-to-kalpetta
Cochin Express,A/C Sleeper (2+1),02:30,06:14,03h 44m,1000,5 Seats available,4.1,Kozhikode to Kalpetta (kerala),https://www.redbus.in/bus-tickets/kozhikode-to-kalpetta
Cochin Express,Volvo Multi-Axle B9R A/c Semi Sleeper (2+2),02:20,04:45,02h 25m,600,14 Seats available,4.1,Kozhikode to Kalpetta (kerala),https://www.redbus.in/bus-tickets/kozhikode-to-kalpetta
Kyros Connect,Bharat Benz A/C Semi Sleeper (2+2),12:15,15:40,03h 25m,500,45 Seats available,4.1,Kozhikode to Kalpetta (kerala),https://www.redbus.in/bus-tickets/kozhikode-to-kalpetta
Cochin Express,A/C Sleeper (2+1),02:30,04:45,02h 15m,1000,5 Seats available,4.1,Kozhikode to Kalpetta (kerala),https://www.redbus.in/bus-tickets/kozhikode-to-kalpetta
KSRTC (Kerala) - 789,Super Fast Non AC Seater (2+3),02:05,04:25,02h 20m,473,22 Seats available,3.6,Kalpetta (kerala) to Kozhikode,https://www.redbus.in/bus-tickets/kalpetta-to-kozhikode
KSRTC (Kerala) - 51,Swift Deluxe Non AC Air Bus (2+2),02:50,04:24,01h 34m,145,4 Seats available,3.6,Kalpetta (kerala) to Kozhikode,https://www.redbus.in/bus-tickets/kalpetta-to-kozhikode
KSRTC (Kerala) - 1077,Super Fast Non AC Seater (2+3),03:50,05:50,02h 00m,111,27 Seats available,3.6,Kalpetta (kerala) to Kozhikode,https://www.redbus.in/bus-tickets/kalpetta-to-kozhikode
KSRTC (Kerala) - 794,Super Fast Non AC Seater (2+3),04:45,06:40,01h 55m,111,48 Seats available,3.6,Kalpetta (kerala) to Kozhikode,https://www.redbus.in/bus-tickets/kalpetta-to-kozhikode
KSRTC (Kerala) - 1586,Super Express Non AC Seater Air Bus (2+2),04:46,06:36,01h 50m,145,11 Seats available,3.6,Kalpetta (kerala) to Kozhikode,https://www.redbus.in/bus-tickets/kalpetta-to-kozhikode
KSRTC (Kerala) - 1306,Super Express Non AC Seater Air Bus (2+2),05:01,07:01,02h 00m,832,28 Seats available,3.4,Kalpetta (kerala) to Kozhikode,https://www.redbus.in/bus-tickets/kalpetta-to-kozhikode
KSRTC (Kerala) - 1992,Super Fast Non AC Seater (2+3),05:05,07:35,02h 30m,111,45 Seats available,3.6,Kalpetta (kerala) to Kozhikode,https://www.redbus.in/bus-tickets/kalpetta-to-kozhikode
KSRTC (Kerala) - 2006,Super Fast Non AC Seater (2+3),06:15,08:35,02h 20m,111,43 Seats available,3.6,Kalpetta (kerala) to Kozhikode,https://www.redbus.in/bus-tickets/kalpetta-to-kozhikode
KSRTC (Kerala) - 761,Super Fast Non AC Seater (2+3),06:40,08:45,02h 05m,113,49 Seats available,3.6,Kalpetta (kerala) to Kozhikode,https://www.redbus.in/bus-tickets/kalpetta-to-kozhikode
KSRTC (Kerala) - 813,Super Fast Non AC Seater (2+3),07:15,09:40,02h 25m,111,47 Seats available,3.6,Kalpetta (kerala) to Kozhikode,https://www.redbus.in/bus-tickets/kalpetta-to-kozhikode
KSRTC (Kerala) - 353,Super Fast Non AC Seater (2+3),07:50,10:15,02h 25m,111,41 Seats available,3.6,Kalpetta (kerala) to Kozhikode,https://www.redbus.in/bus-tickets/kalpetta-to-kozhikode
KSRTC (Kerala) - 713,Super Fast Non AC Seater (2+3),07:55,10:45,02h 50m,111,48 Seats available,3.6,Kalpetta (kerala) to Kozhikode,https://www.redbus.in/bus-tickets/kalpetta-to-kozhikode
KSRTC (Kerala) - 822,Super Fast Non AC Seater (2+3),08:05,10:45,02h 40m,111,49 Seats available,3.6,Kalpetta (kerala) to Kozhikode,https://www.redbus.in/bus-tickets/kalpetta-to-kozhikode
KSRTC (Kerala) - 1255,Super Fast Non AC Seater (2+3),08:35,10:35,02h 00m,111,48 Seats available,3.6,Kalpetta (kerala) to Kozhikode,https://www.redbus.in/bus-tickets/kalpetta-to-kozhikode
KSRTC (Kerala) - 773,Super Fast Non AC Seater (2+3),08:50,10:55,02h 05m,111,45 Seats available,3.6,Kalpetta (kerala) to Kozhikode,https://www.redbus.in/bus-tickets/kalpetta-to-kozhikode
Cochin Express,A/C Sleeper (2+1),22:30,23:59,01h 29m,850,17 Seats available,4.1,Kalpetta (kerala) to Kozhikode,https://www.redbus.in/bus-tickets/kalpetta-to-kozhikode
Cochin Express,Volvo Multi-Axle B9R A/c Semi Sleeper (2+2),22:25,23:59,01h 34m,700,29 Seats available,4.1,Kalpetta (kerala) to Kozhikode,https://www.redbus.in/bus-tickets/kalpetta-to-kozhikode
Cochin Express,A/C Sleeper (2+1),22:30,23:59,01h 29m,850,17 Seats available,4.1,Kalpetta (kerala) to Kozhikode,https://www.redbus.in/bus-tickets/kalpetta-to-kozhikode
Cochin Express,Volvo Multi-Axle B9R A/c Semi Sleeper (2+2),22:25,23:59,01h 34m,700,29 Seats available,4.1,Kalpetta (kerala) to Kozhikode,https://www.redbus.in/bus-tickets/kalpetta-to-kozhikode
A1 Travels,Bharat Benz A/C Sleeper (2+1),21:00,23:30,02h 30m,600,35 Seats available,3.3,Kalpetta (kerala) to Kozhikode,https://www.redbus.in/bus-tickets/kalpetta-to-kozhikode
